raw/disc/disc_acc_gen,raw/disc/disc_acc,raw/disc/disc_acc_expert,raw/disc/disc_proportion_expert_pred,raw/disc/n_expert,raw/disc/global_step,raw/disc/n_generated,raw/disc/disc_loss,raw/disc/disc_proportion_expert_true,raw/disc/disc_entropy
1.0,0.5,0.0,0.0,1024.0,1,1024.0,0.707298994064331,0.5,0.6889055967330933
1.0,0.5,0.0,0.0,1024.0,1,1024.0,0.7028432488441467,0.5,0.6892604231834412
1.0,0.50048828125,0.0009765625,0.00048828125,1024.0,1,1024.0,0.6984955072402954,0.5,0.689538836479187
1.0,0.5029296875,0.005859375,0.0029296875,1024.0,1,1024.0,0.6950372457504272,0.5,0.6897248029708862
1.0,0.509765625,0.01953125,0.009765625,1024.0,1,1024.0,0.6901509165763855,0.5,0.690008819103241
1.0,0.5166015625,0.033203125,0.0166015625,1024.0,1,1024.0,0.6866439580917358,0.5,0.6901731491088867
1.0,0.52685546875,0.0537109375,0.02685546875,1024.0,1,1024.0,0.682762086391449,0.5,0.6902912259101868
1.0,0.5498046875,0.099609375,0.0498046875,1024.0,1,1024.0,0.677043616771698,0.5,0.6904325485229492
1.0,0.56396484375,0.1279296875,0.06396484375,1024.0,2,1024.0,0.6739263534545898,0.5,0.6903961300849915
1.0,0.57421875,0.1484375,0.07421875,1024.0,2,1024.0,0.6725485324859619,0.5,0.6906197667121887
1.0,0.60302734375,0.2060546875,0.10302734375,1024.0,2,1024.0,0.6687180995941162,0.5,0.6906247138977051
1.0,0.6142578125,0.228515625,0.1142578125,1024.0,2,1024.0,0.6668674945831299,0.5,0.6905694007873535
1.0,0.6416015625,0.283203125,0.1416015625,1024.0,2,1024.0,0.6630473136901855,0.5,0.6906004548072815
1.0,0.65185546875,0.3037109375,0.15185546875,1024.0,2,1024.0,0.6605743765830994,0.5,0.6905444860458374
1.0,0.68505859375,0.3701171875,0.18505859375,1024.0,2,1024.0,0.6540374755859375,0.5,0.6904028654098511
1.0,0.7041015625,0.408203125,0.2041015625,1024.0,2,1024.0,0.6509571075439453,0.5,0.6901478171348572
1.0,0.7412109375,0.482421875,0.2412109375,1024.0,3,1024.0,0.6471830010414124,0.5,0.690086841583252
1.0,0.767578125,0.53515625,0.267578125,1024.0,3,1024.0,0.6448814868927002,0.5,0.6899063587188721
1.0,0.8017578125,0.603515625,0.3017578125,1024.0,3,1024.0,0.6385698914527893,0.5,0.6894304752349854
0.9990234375,0.82373046875,0.6484375,0.32470703125,1024.0,3,1024.0,0.6339317560195923,0.5,0.6889317631721497
0.9990234375,0.83984375,0.6806640625,0.3408203125,1024.0,3,1024.0,0.6281812191009521,0.5,0.6883219480514526
1.0,0.86181640625,0.7236328125,0.36181640625,1024.0,3,1024.0,0.6250135898590088,0.5,0.6883552074432373
0.998046875,0.86865234375,0.7392578125,0.37060546875,1024.0,3,1024.0,0.618610680103302,0.5,0.6874231100082397
0.9990234375,0.8876953125,0.7763671875,0.388671875,1024.0,3,1024.0,0.6113479733467102,0.5,0.6860967874526978
0.9501953125,0.8603515625,0.7705078125,0.41015625,1024.0,4,1024.0,0.6133723258972168,0.5,0.685499906539917
0.9501953125,0.8837890625,0.8173828125,0.43359375,1024.0,4,1024.0,0.6052552461624146,0.5,0.6846197843551636
0.953125,0.892578125,0.83203125,0.439453125,1024.0,4,1024.0,0.5982648134231567,0.5,0.6831822395324707
0.94921875,0.8935546875,0.837890625,0.4443359375,1024.0,4,1024.0,0.591098427772522,0.5,0.6815366148948669
0.9541015625,0.90234375,0.8505859375,0.4482421875,1024.0,4,1024.0,0.5842165946960449,0.5,0.680242657661438
0.939453125,0.90576171875,0.8720703125,0.46630859375,1024.0,4,1024.0,0.5742839574813843,0.5,0.6778608560562134
0.9462890625,0.9169921875,0.8876953125,0.470703125,1024.0,4,1024.0,0.5670099258422852,0.5,0.6761685609817505
0.9453125,0.92138671875,0.8974609375,0.47607421875,1024.0,4,1024.0,0.5578585863113403,0.5,0.6743891835212708
0.853515625,0.869140625,0.884765625,0.515625,1024.0,5,1024.0,0.58316969871521,0.5,0.6757028102874756
0.861328125,0.87646484375,0.8916015625,0.51513671875,1024.0,5,1024.0,0.5789365172386169,0.5,0.6743402481079102
0.869140625,0.880859375,0.892578125,0.51171875,1024.0,5,1024.0,0.5672388672828674,0.5,0.6700378060340881
0.859375,0.876953125,0.89453125,0.517578125,1024.0,5,1024.0,0.5636339783668518,0.5,0.6690468788146973
0.884765625,0.88134765625,0.8779296875,0.49658203125,1024.0,5,1024.0,0.5541964769363403,0.5,0.6641760468482971
0.8896484375,0.892578125,0.8955078125,0.5029296875,1024.0,5,1024.0,0.5485624074935913,0.5,0.6632731556892395
0.892578125,0.8935546875,0.89453125,0.5009765625,1024.0,5,1024.0,0.5330393314361572,0.5,0.6571275591850281
0.8935546875,0.88818359375,0.8828125,0.49462890625,1024.0,5,1024.0,0.531800389289856,0.5,0.654651939868927
0.6318359375,0.759765625,0.8876953125,0.6279296875,1024.0,6,1024.0,0.5624822378158569,0.5,0.6533713936805725
0.6669921875,0.7822265625,0.8974609375,0.615234375,1024.0,6,1024.0,0.5547755360603333,0.5,0.6508519649505615
0.7119140625,0.7958984375,0.8798828125,0.583984375,1024.0,6,1024.0,0.54710853099823,0.5,0.6471047401428223
0.78515625,0.845703125,0.90625,0.560546875,1024.0,6,1024.0,0.5273199081420898,0.5,0.6415722370147705
0.8330078125,0.86572265625,0.8984375,0.53271484375,1024.0,6,1024.0,0.5243955850601196,0.5,0.6412940621376038
0.8759765625,0.88720703125,0.8984375,0.51123046875,1024.0,6,1024.0,0.5081206560134888,0.5,0.6370277404785156
0.892578125,0.88671875,0.880859375,0.494140625,1024.0,6,1024.0,0.5008007884025574,0.5,0.6347147226333618
0.927734375,0.9091796875,0.890625,0.4814453125,1024.0,6,1024.0,0.4850924611091614,0.5,0.627714991569519
0.666015625,0.78076171875,0.8955078125,0.61474609375,1024.0,7,1024.0,0.5141888856887817,0.5,0.6264642477035522
0.7138671875,0.806640625,0.8994140625,0.5927734375,1024.0,7,1024.0,0.5001636743545532,0.5,0.6210181713104248
0.7412109375,0.8076171875,0.8740234375,0.56640625,1024.0,7,1024.0,0.4995087683200836,0.5,0.6219553351402283
0.7822265625,0.83349609375,0.884765625,0.55126953125,1024.0,7,1024.0,0.4880064129829407,0.5,0.6175855398178101
0.779296875,0.84130859375,0.9033203125,0.56201171875,1024.0,7,1024.0,0.4731120765209198,0.5,0.6068435907363892
0.841796875,0.85888671875,0.8759765625,0.51708984375,1024.0,7,1024.0,0.4663766622543335,0.5,0.6063458919525146
0.8896484375,0.87255859375,0.85546875,0.48291015625,1024.0,7,1024.0,0.45767080783843994,0.5,0.6000595092773438
0.9287109375,0.8974609375,0.8662109375,0.46875,1024.0,7,1024.0,0.4469003975391388,0.5,0.5978899002075195
0.8994140625,0.89697265625,0.89453125,0.49755859375,1024.0,8,1024.0,0.4282274842262268,0.5,0.5896831750869751
0.9150390625,0.89306640625,0.87109375,0.47802734375,1024.0,8,1024.0,0.42842328548431396,0.5,0.5881699323654175
0.9365234375,0.8984375,0.8603515625,0.4619140625,1024.0,8,1024.0,0.42090746760368347,0.5,0.5822001099586487
0.93359375,0.90283203125,0.8720703125,0.46923828125,1024.0,8,1024.0,0.4122737646102905,0.5,0.5780222415924072
0.9443359375,0.90771484375,0.87109375,0.46337890625,1024.0,8,1024.0,0.4027848243713379,0.5,0.5732743740081787
0.970703125,0.9228515625,0.875,0.4521484375,1024.0,8,1024.0,0.3835744261741638,0.5,0.5571685433387756
0.9833984375,0.93603515625,0.888671875,0.45263671875,1024.0,8,1024.0,0.3781368136405945,0.5,0.5560017824172974
0.98046875,0.931640625,0.8828125,0.451171875,1024.0,8,1024.0,0.37296104431152344,0.5,0.5510760545730591
0.5859375,0.72705078125,0.8681640625,0.64111328125,1024.0,9,1024.0,0.5884453058242798,0.5,0.5324760675430298
0.5966796875,0.73583984375,0.875,0.63916015625,1024.0,9,1024.0,0.586344838142395,0.5,0.5316331386566162
0.595703125,0.7314453125,0.8671875,0.6357421875,1024.0,9,1024.0,0.5889195203781128,0.5,0.5280582904815674
0.6162109375,0.7431640625,0.8701171875,0.626953125,1024.0,9,1024.0,0.5750613212585449,0.5,0.5290809869766235
0.619140625,0.74267578125,0.8662109375,0.62353515625,1024.0,9,1024.0,0.5677455067634583,0.5,0.5229419469833374
0.615234375,0.740234375,0.865234375,0.625,1024.0,9,1024.0,0.560867190361023,0.5,0.5234347581863403
0.625,0.736328125,0.84765625,0.611328125,1024.0,9,1024.0,0.5527180433273315,0.5,0.5198133587837219
0.607421875,0.72998046875,0.8525390625,0.62255859375,1024.0,9,1024.0,0.5463109016418457,0.5,0.5238761901855469
0.9306640625,0.8818359375,0.8330078125,0.451171875,1024.0,10,1024.0,0.37425270676612854,0.5,0.5343286991119385
0.9375,0.88232421875,0.8271484375,0.44482421875,1024.0,10,1024.0,0.3699510097503662,0.5,0.5322891473770142
0.955078125,0.8876953125,0.8203125,0.4326171875,1024.0,10,1024.0,0.36889639496803284,0.5,0.5302000641822815
0.97265625,0.8994140625,0.826171875,0.4267578125,1024.0,10,1024.0,0.3638317286968231,0.5,0.5255454778671265
0.974609375,0.89013671875,0.8056640625,0.41552734375,1024.0,10,1024.0,0.36359572410583496,0.5,0.5214589834213257
0.9677734375,0.8984375,0.8291015625,0.4306640625,1024.0,10,1024.0,0.35367873311042786,0.5,0.5175371170043945
0.978515625,0.90771484375,0.8369140625,0.42919921875,1024.0,10,1024.0,0.3429401218891144,0.5,0.5157046318054199
0.98046875,0.90185546875,0.8232421875,0.42138671875,1024.0,10,1024.0,0.33835524320602417,0.5,0.505220353603363
0.548828125,0.67919921875,0.8095703125,0.63037109375,1024.0,11,1024.0,0.6772366762161255,0.5,0.4839091897010803
0.5234375,0.677734375,0.83203125,0.654296875,1024.0,11,1024.0,0.667418360710144,0.5,0.4825862944126129
0.5498046875,0.69189453125,0.833984375,0.64208984375,1024.0,11,1024.0,0.6321477890014648,0.5,0.482879638671875
0.5361328125,0.67724609375,0.818359375,0.64111328125,1024.0,11,1024.0,0.6281014680862427,0.5,0.47896909713745117
0.544921875,0.68212890625,0.8193359375,0.63720703125,1024.0,11,1024.0,0.606826663017273,0.5,0.4948716461658478
0.5849609375,0.69384765625,0.802734375,0.60888671875,1024.0,11,1024.0,0.567399263381958,0.5,0.4997645616531372
0.599609375,0.70703125,0.814453125,0.607421875,1024.0,11,1024.0,0.5274584293365479,0.5,0.4982367753982544
0.5830078125,0.69287109375,0.802734375,0.60986328125,1024.0,11,1024.0,0.5352288484573364,0.5,0.5038560628890991
0.5859375,0.69970703125,0.8134765625,0.61376953125,1024.0,12,1024.0,0.7669442296028137,0.5,0.43668249249458313
0.5673828125,0.6923828125,0.8173828125,0.625,1024.0,12,1024.0,0.7507719993591309,0.5,0.4472135901451111
0.57421875,0.693359375,0.8125,0.619140625,1024.0,12,1024.0,0.7101519107818604,0.5,0.4448719024658203
0.5869140625,0.6943359375,0.8017578125,0.607421875,1024.0,12,1024.0,0.6644659042358398,0.5,0.45504724979400635
0.599609375,0.68994140625,0.7802734375,0.59033203125,1024.0,12,1024.0,0.6489090919494629,0.5,0.4722212553024292
0.62109375,0.716796875,0.8125,0.595703125,1024.0,12,1024.0,0.5746934413909912,0.5,0.4713963270187378
0.6171875,0.71142578125,0.8056640625,0.59423828125,1024.0,12,1024.0,0.5460749864578247,0.5,0.48512762784957886
0.625,0.70849609375,0.7919921875,0.58349609375,1024.0,12,1024.0,0.5253602266311646,0.5,0.5045392513275146
0.2109375,0.5,0.7890625,0.7890625,1024.0,13,1024.0,0.8022990226745605,0.5,0.5559850931167603
0.2451171875,0.505859375,0.7666015625,0.7607421875,1024.0,13,1024.0,0.7724192142486572,0.5,0.5690902471542358
0.251953125,0.50830078125,0.7646484375,0.75634765625,1024.0,13,1024.0,0.7395390868186951,0.5,0.5778745412826538
0.3212890625,0.53857421875,0.755859375,0.71728515625,1024.0,13,1024.0,0.7036619186401367,0.5,0.5974752306938171
0.3935546875,0.57568359375,0.7578125,0.68212890625,1024.0,13,1024.0,0.6770951747894287,0.5,0.6032317876815796
0.4970703125,0.619140625,0.7412109375,0.6220703125,1024.0,13,1024.0,0.6479593515396118,0.5,0.6104398965835571
0.560546875,0.63720703125,0.7138671875,0.57666015625,1024.0,13,1024.0,0.6303370594978333,0.5,0.6153746843338013
0.5791015625,0.6201171875,0.6611328125,0.541015625,1024.0,13,1024.0,0.6308823227882385,0.5,0.617138683795929
0.8115234375,0.72998046875,0.6484375,0.41845703125,1024.0,14,1024.0,0.5896042585372925,0.5,0.6349811553955078
0.8935546875,0.74365234375,0.59375,0.35009765625,1024.0,14,1024.0,0.5799250602722168,0.5,0.6292533874511719
0.9091796875,0.7734375,0.6376953125,0.3642578125,1024.0,14,1024.0,0.5604859590530396,0.5,0.6256217956542969
0.9423828125,0.76416015625,0.5859375,0.32177734375,1024.0,14,1024.0,0.5540075302124023,0.5,0.6225152611732483
0.970703125,0.779296875,0.587890625,0.30859375,1024.0,14,1024.0,0.541823148727417,0.5,0.6168872117996216
0.994140625,0.7841796875,0.57421875,0.2900390625,1024.0,14,1024.0,0.5397135615348816,0.5,0.6102125644683838
0.9921875,0.76708984375,0.5419921875,0.27490234375,1024.0,14,1024.0,0.5431253910064697,0.5,0.6071947813034058
0.998046875,0.79541015625,0.5927734375,0.29736328125,1024.0,14,1024.0,0.5117402076721191,0.5,0.5964263677597046
0.791015625,0.6640625,0.537109375,0.373046875,1024.0,15,1024.0,0.6115964651107788,0.5,0.6132899522781372
0.775390625,0.66552734375,0.5556640625,0.39013671875,1024.0,15,1024.0,0.615644097328186,0.5,0.6122102737426758
0.8203125,0.69482421875,0.5693359375,0.37451171875,1024.0,15,1024.0,0.5840076804161072,0.5,0.6067297458648682
0.7724609375,0.6669921875,0.5615234375,0.39453125,1024.0,15,1024.0,0.595189094543457,0.5,0.6064116954803467
0.8125,0.685546875,0.55859375,0.373046875,1024.0,15,1024.0,0.583103597164154,0.5,0.5999104976654053
0.8369140625,0.705078125,0.5732421875,0.3681640625,1024.0,15,1024.0,0.5700996518135071,0.5,0.6003161668777466
0.8330078125,0.71142578125,0.58984375,0.37841796875,1024.0,15,1024.0,0.5585012435913086,0.5,0.5971276760101318
0.82421875,0.7041015625,0.583984375,0.3798828125,1024.0,15,1024.0,0.5532884001731873,0.5,0.589934229850769
0.880859375,0.72412109375,0.5673828125,0.34326171875,1024.0,16,1024.0,0.5216279029846191,0.5,0.5677295923233032
0.865234375,0.728515625,0.591796875,0.36328125,1024.0,16,1024.0,0.5223271250724792,0.5,0.5692352056503296
0.869140625,0.73388671875,0.5986328125,0.36474609375,1024.0,16,1024.0,0.5195181369781494,0.5,0.5690311193466187
0.875,0.7421875,0.609375,0.3671875,1024.0,16,1024.0,0.5090160369873047,0.5,0.5654034614562988
0.8564453125,0.7392578125,0.6220703125,0.3828125,1024.0,16,1024.0,0.5020860433578491,0.5,0.5647916197776794
0.8544921875,0.73974609375,0.625,0.38525390625,1024.0,16,1024.0,0.5008113384246826,0.5,0.5619878768920898
0.8681640625,0.7421875,0.6162109375,0.3740234375,1024.0,16,1024.0,0.4947742819786072,0.5,0.5579800605773926
0.8876953125,0.7744140625,0.6611328125,0.38671875,1024.0,16,1024.0,0.4762522280216217,0.5,0.5534443855285645
0.94921875,0.8017578125,0.654296875,0.3525390625,1024.0,17,1024.0,0.4646725654602051,0.5,0.5665737986564636
0.93359375,0.7998046875,0.666015625,0.3662109375,1024.0,17,1024.0,0.45733293890953064,0.5,0.5582908987998962
0.9326171875,0.80224609375,0.671875,0.36962890625,1024.0,17,1024.0,0.44876813888549805,0.5,0.5568523406982422
0.9287109375,0.8017578125,0.6748046875,0.373046875,1024.0,17,1024.0,0.4490761160850525,0.5,0.5561181306838989
0.9375,0.8193359375,0.701171875,0.3818359375,1024.0,17,1024.0,0.43455249071121216,0.5,0.5549150109291077
0.9365234375,0.814453125,0.6923828125,0.3779296875,1024.0,17,1024.0,0.44377264380455017,0.5,0.5483156442642212
0.9560546875,0.826171875,0.6962890625,0.3701171875,1024.0,17,1024.0,0.43203073740005493,0.5,0.5434342622756958
0.943359375,0.82177734375,0.7001953125,0.37841796875,1024.0,17,1024.0,0.42494770884513855,0.5,0.536165177822113
0.83984375,0.7861328125,0.732421875,0.4462890625,1024.0,18,1024.0,0.41131073236465454,0.5,0.5061969757080078
0.849609375,0.78857421875,0.7275390625,0.43896484375,1024.0,18,1024.0,0.40754836797714233,0.5,0.5019221901893616
0.861328125,0.78759765625,0.7138671875,0.42626953125,1024.0,18,1024.0,0.4109734892845154,0.5,0.5059530138969421
0.849609375,0.80615234375,0.7626953125,0.45654296875,1024.0,18,1024.0,0.39579886198043823,0.5,0.5027984380722046
0.865234375,0.79638671875,0.7275390625,0.43115234375,1024.0,18,1024.0,0.4019739627838135,0.5,0.5014375448226929
0.8681640625,0.80224609375,0.736328125,0.43408203125,1024.0,18,1024.0,0.3898661136627197,0.5,0.4907298982143402
0.85546875,0.81689453125,0.7783203125,0.46142578125,1024.0,18,1024.0,0.37362581491470337,0.5,0.4836333692073822
0.8828125,0.81884765625,0.7548828125,0.43603515625,1024.0,18,1024.0,0.36867308616638184,0.5,0.4765278398990631
0.5634765625,0.6689453125,0.7744140625,0.60546875,1024.0,19,1024.0,0.5588276386260986,0.5,0.5676710605621338
0.6083984375,0.68359375,0.7587890625,0.5751953125,1024.0,19,1024.0,0.5405504703521729,0.5,0.562874972820282
0.6318359375,0.71435546875,0.796875,0.58251953125,1024.0,19,1024.0,0.5179228782653809,0.5,0.5590335726737976
0.7138671875,0.73583984375,0.7578125,0.52197265625,1024.0,19,1024.0,0.5031765103340149,0.5,0.554550051689148
0.765625,0.76318359375,0.7607421875,0.49755859375,1024.0,19,1024.0,0.47447124123573303,0.5,0.5452712774276733
0.8212890625,0.78857421875,0.755859375,0.46728515625,1024.0,19,1024.0,0.4613526165485382,0.5,0.5446248054504395
0.916015625,0.8212890625,0.7265625,0.4052734375,1024.0,19,1024.0,0.45507511496543884,0.5,0.5367680788040161
0.923828125,0.83056640625,0.7373046875,0.40673828125,1024.0,19,1024.0,0.42539578676223755,0.5,0.5185544490814209
0.826171875,0.794921875,0.763671875,0.46875,1024.0,20,1024.0,0.4412957429885864,0.5,0.5218454599380493
0.8388671875,0.77978515625,0.720703125,0.44091796875,1024.0,20,1024.0,0.4605582356452942,0.5,0.5191159248352051
0.8701171875,0.78125,0.6923828125,0.4111328125,1024.0,20,1024.0,0.46043622493743896,0.5,0.5224851369857788
0.8955078125,0.8212890625,0.7470703125,0.42578125,1024.0,20,1024.0,0.4286730885505676,0.5,0.5028349161148071
0.912109375,0.82421875,0.736328125,0.412109375,1024.0,20,1024.0,0.41531428694725037,0.5,0.5029997825622559
0.94140625,0.8291015625,0.716796875,0.3876953125,1024.0,20,1024.0,0.42176690697669983,0.5,0.4942682087421417
0.9541015625,0.85009765625,0.74609375,0.39599609375,1024.0,20,1024.0,0.38770508766174316,0.5,0.48060327768325806
0.9345703125,0.83203125,0.7294921875,0.3974609375,1024.0,20,1024.0,0.40354591608047485,0.5,0.4746421277523041
0.923828125,0.81103515625,0.6982421875,0.38720703125,1024.0,21,1024.0,0.39803314208984375,0.5,0.4208759367465973
0.9228515625,0.81298828125,0.703125,0.39013671875,1024.0,21,1024.0,0.3915402293205261,0.5,0.41488271951675415
0.931640625,0.8115234375,0.69140625,0.3798828125,1024.0,21,1024.0,0.3820880055427551,0.5,0.4139402508735657
0.9287109375,0.8173828125,0.7060546875,0.388671875,1024.0,21,1024.0,0.37964922189712524,0.5,0.41702473163604736
0.9384765625,0.82421875,0.7099609375,0.3857421875,1024.0,21,1024.0,0.3661143183708191,0.5,0.4083067774772644
0.9453125,0.82958984375,0.7138671875,0.38427734375,1024.0,21,1024.0,0.36757922172546387,0.5,0.4151254892349243
0.9404296875,0.83544921875,0.73046875,0.39501953125,1024.0,21,1024.0,0.3534656763076782,0.5,0.4095778167247772
0.94921875,0.837890625,0.7265625,0.388671875,1024.0,21,1024.0,0.3538449704647064,0.5,0.40093788504600525
0.9326171875,0.83203125,0.7314453125,0.3994140625,1024.0,22,1024.0,0.37668201327323914,0.5,0.45442265272140503
0.93359375,0.845703125,0.7578125,0.412109375,1024.0,22,1024.0,0.366018146276474,0.5,0.4446388781070709
0.9423828125,0.8359375,0.7294921875,0.3935546875,1024.0,22,1024.0,0.3690941035747528,0.5,0.44608253240585327
0.9443359375,0.8505859375,0.7568359375,0.40625,1024.0,22,1024.0,0.3526918590068817,0.5,0.4422447383403778
0.9365234375,0.84521484375,0.75390625,0.40869140625,1024.0,22,1024.0,0.34324729442596436,0.5,0.43835559487342834
0.953125,0.8603515625,0.767578125,0.4072265625,1024.0,22,1024.0,0.34231042861938477,0.5,0.43158552050590515
0.9501953125,0.85205078125,0.75390625,0.40185546875,1024.0,22,1024.0,0.3335045278072357,0.5,0.4279634952545166
0.951171875,0.8662109375,0.78125,0.4150390625,1024.0,22,1024.0,0.31505492329597473,0.5,0.4162557125091553
0.9072265625,0.84423828125,0.78125,0.43701171875,1024.0,23,1024.0,0.33906304836273193,0.5,0.37943100929260254
0.8994140625,0.83642578125,0.7734375,0.43701171875,1024.0,23,1024.0,0.3582104742527008,0.5,0.3886370360851288
0.9130859375,0.8525390625,0.7919921875,0.439453125,1024.0,23,1024.0,0.338858425617218,0.5,0.3704410791397095
0.90625,0.85009765625,0.7939453125,0.44384765625,1024.0,23,1024.0,0.34609806537628174,0.5,0.39521896839141846
0.916015625,0.861328125,0.806640625,0.4453125,1024.0,23,1024.0,0.32584887742996216,0.5,0.3706022799015045
0.9111328125,0.8564453125,0.8017578125,0.4453125,1024.0,23,1024.0,0.3259534537792206,0.5,0.36899977922439575
0.904296875,0.85009765625,0.7958984375,0.44580078125,1024.0,23,1024.0,0.3248339295387268,0.5,0.37009450793266296
0.90625,0.85595703125,0.8056640625,0.44970703125,1024.0,23,1024.0,0.32042157649993896,0.5,0.37325403094291687
0.9501953125,0.8818359375,0.8134765625,0.431640625,1024.0,24,1024.0,0.307894229888916,0.5,0.42121607065200806
0.943359375,0.87890625,0.814453125,0.435546875,1024.0,24,1024.0,0.3089500665664673,0.5,0.42057445645332336
0.9384765625,0.87744140625,0.81640625,0.43896484375,1024.0,24,1024.0,0.3089027404785156,0.5,0.4234066903591156
0.96875,0.8974609375,0.826171875,0.4287109375,1024.0,24,1024.0,0.2859600782394409,0.5,0.40240365266799927
0.974609375,0.89794921875,0.8212890625,0.42333984375,1024.0,24,1024.0,0.29276642203330994,0.5,0.40668338537216187
0.978515625,0.90869140625,0.8388671875,0.43017578125,1024.0,24,1024.0,0.2627953588962555,0.5,0.3903632164001465
0.98046875,0.91357421875,0.8466796875,0.43310546875,1024.0,24,1024.0,0.2629505693912506,0.5,0.3871164917945862
0.9912109375,0.92724609375,0.86328125,0.43603515625,1024.0,24,1024.0,0.24376246333122253,0.5,0.3762713670730591
0.6923828125,0.775390625,0.8583984375,0.5830078125,1024.0,25,1024.0,0.4387473165988922,0.5,0.41337350010871887
0.7236328125,0.7900390625,0.8564453125,0.56640625,1024.0,25,1024.0,0.42747968435287476,0.5,0.41234326362609863
0.71484375,0.78662109375,0.8583984375,0.57177734375,1024.0,25,1024.0,0.4443134665489197,0.5,0.41055136919021606
0.7138671875,0.79833984375,0.8828125,0.58447265625,1024.0,25,1024.0,0.4140586256980896,0.5,0.40867164731025696
0.7275390625,0.7880859375,0.8486328125,0.560546875,1024.0,25,1024.0,0.42775994539260864,0.5,0.40797507762908936
0.767578125,0.82568359375,0.8837890625,0.55810546875,1024.0,25,1024.0,0.39030247926712036,0.5,0.4076749086380005
0.744140625,0.806640625,0.869140625,0.5625,1024.0,25,1024.0,0.4055657982826233,0.5,0.40192797780036926
0.7509765625,0.80810546875,0.865234375,0.55712890625,1024.0,25,1024.0,0.39394980669021606,0.5,0.4086514711380005
0.6650390625,0.7734375,0.8818359375,0.6083984375,1024.0,26,1024.0,0.42633748054504395,0.5,0.4666597247123718
0.6728515625,0.76318359375,0.853515625,0.59033203125,1024.0,26,1024.0,0.43534475564956665,0.5,0.46317172050476074
0.6689453125,0.75634765625,0.84375,0.58740234375,1024.0,26,1024.0,0.44273608922958374,0.5,0.4690926671028137
0.6591796875,0.765625,0.8720703125,0.6064453125,1024.0,26,1024.0,0.42045456171035767,0.5,0.4632752537727356
0.666015625,0.759765625,0.853515625,0.59375,1024.0,26,1024.0,0.42210614681243896,0.5,0.46398431062698364
0.7138671875,0.78662109375,0.859375,0.57275390625,1024.0,26,1024.0,0.40130093693733215,0.5,0.45993900299072266
0.736328125,0.7900390625,0.84375,0.5537109375,1024.0,26,1024.0,0.4088425636291504,0.5,0.46468716859817505
0.748046875,0.80078125,0.853515625,0.552734375,1024.0,26,1024.0,0.4014556407928467,0.5,0.46105605363845825
0.765625,0.79931640625,0.8330078125,0.53369140625,1024.0,27,1024.0,0.38616353273391724,0.5,0.41159242391586304
0.7548828125,0.79150390625,0.828125,0.53662109375,1024.0,27,1024.0,0.3794376850128174,0.5,0.4085756540298462
0.76171875,0.78369140625,0.8056640625,0.52197265625,1024.0,27,1024.0,0.40834739804267883,0.5,0.41097474098205566
0.767578125,0.80078125,0.833984375,0.533203125,1024.0,27,1024.0,0.39184898138046265,0.5,0.41575589776039124
0.798828125,0.81494140625,0.8310546875,0.51611328125,1024.0,27,1024.0,0.37707245349884033,0.5,0.4161476492881775
0.8115234375,0.81640625,0.8212890625,0.5048828125,1024.0,27,1024.0,0.37465423345565796,0.5,0.4164092540740967
0.8388671875,0.822265625,0.8056640625,0.4833984375,1024.0,27,1024.0,0.37489545345306396,0.5,0.4090549051761627
0.8466796875,0.8203125,0.7939453125,0.4736328125,1024.0,27,1024.0,0.37357884645462036,0.5,0.41015225648880005
0.7314453125,0.76171875,0.7919921875,0.5302734375,1024.0,28,1024.0,0.55398029088974,0.5,0.4475835859775543
0.763671875,0.77392578125,0.7841796875,0.51025390625,1024.0,28,1024.0,0.5105080604553223,0.5,0.4574018120765686
0.787109375,0.7900390625,0.79296875,0.5029296875,1024.0,28,1024.0,0.4833545684814453,0.5,0.4455176293849945
0.7822265625,0.787109375,0.7919921875,0.5048828125,1024.0,28,1024.0,0.5003562569618225,0.5,0.4562702476978302
0.771484375,0.77783203125,0.7841796875,0.50634765625,1024.0,28,1024.0,0.49494510889053345,0.5,0.43687283992767334
0.7470703125,0.744140625,0.7412109375,0.4970703125,1024.0,28,1024.0,0.5376933813095093,0.5,0.45266929268836975
0.76171875,0.775390625,0.7890625,0.513671875,1024.0,28,1024.0,0.5023861527442932,0.5,0.442020982503891
0.791015625,0.79443359375,0.7978515625,0.50341796875,1024.0,28,1024.0,0.4739050269126892,0.5,0.4463040232658386
0.5224609375,0.64404296875,0.765625,0.62158203125,1024.0,29,1024.0,0.5991666913032532,0.5,0.534680962562561
0.5849609375,0.68359375,0.7822265625,0.5986328125,1024.0,29,1024.0,0.5762097835540771,0.5,0.5322222113609314
0.5966796875,0.67529296875,0.75390625,0.57861328125,1024.0,29,1024.0,0.566937267780304,0.5,0.5398342609405518
0.63671875,0.70068359375,0.7646484375,0.56396484375,1024.0,29,1024.0,0.5311212539672852,0.5,0.5389412641525269
0.6669921875,0.7099609375,0.7529296875,0.54296875,1024.0,29,1024.0,0.5251255631446838,0.5,0.537649393081665
0.7314453125,0.75048828125,0.76953125,0.51904296875,1024.0,29,1024.0,0.4859001338481903,0.5,0.5284832119941711
0.7626953125,0.76318359375,0.763671875,0.50048828125,1024.0,29,1024.0,0.47566473484039307,0.5,0.5295151472091675
0.79296875,0.765625,0.73828125,0.47265625,1024.0,29,1024.0,0.48261594772338867,0.5,0.5268827676773071
0.8291015625,0.77392578125,0.71875,0.44482421875,1024.0,30,1024.0,0.4690735638141632,0.5,0.4912453293800354
0.8896484375,0.80908203125,0.728515625,0.41943359375,1024.0,30,1024.0,0.43185025453567505,0.5,0.4871150553226471
0.8779296875,0.80419921875,0.73046875,0.42626953125,1024.0,30,1024.0,0.43221282958984375,0.5,0.48795509338378906
0.892578125,0.8095703125,0.7265625,0.4169921875,1024.0,30,1024.0,0.4142954647541046,0.5,0.48766446113586426
0.927734375,0.81494140625,0.7021484375,0.38720703125,1024.0,30,1024.0,0.4093790054321289,0.5,0.4844781458377838
0.9326171875,0.84033203125,0.748046875,0.40771484375,1024.0,30,1024.0,0.38709384202957153,0.5,0.47075992822647095
0.9306640625,0.83154296875,0.732421875,0.40087890625,1024.0,30,1024.0,0.4006255269050598,0.5,0.47476375102996826
0.951171875,0.83056640625,0.7099609375,0.37939453125,1024.0,30,1024.0,0.3811280429363251,0.5,0.470806360244751
0.9609375,0.85986328125,0.7587890625,0.39892578125,1024.0,31,1024.0,0.38866955041885376,0.5,0.484142929315567
0.96875,0.87255859375,0.7763671875,0.40380859375,1024.0,31,1024.0,0.37788861989974976,0.5,0.4797842800617218
0.9501953125,0.8623046875,0.7744140625,0.412109375,1024.0,31,1024.0,0.3771841526031494,0.5,0.47248518466949463
0.970703125,0.87353515625,0.7763671875,0.40283203125,1024.0,31,1024.0,0.36510729789733887,0.5,0.46969926357269287
0.9462890625,0.85400390625,0.76171875,0.40771484375,1024.0,31,1024.0,0.378048300743103,0.5,0.4687739610671997
0.9609375,0.876953125,0.79296875,0.416015625,1024.0,31,1024.0,0.34722405672073364,0.5,0.44785076379776
0.962890625,0.875,0.787109375,0.412109375,1024.0,31,1024.0,0.33971986174583435,0.5,0.45048215985298157
0.953125,0.8701171875,0.787109375,0.4169921875,1024.0,31,1024.0,0.3344581723213196,0.5,0.4375482201576233
0.7998046875,0.8154296875,0.8310546875,0.515625,1024.0,32,1024.0,0.3879714608192444,0.5,0.45808184146881104
0.7890625,0.8046875,0.8203125,0.515625,1024.0,32,1024.0,0.39265817403793335,0.5,0.46472567319869995
0.7705078125,0.794921875,0.8193359375,0.5244140625,1024.0,32,1024.0,0.39229899644851685,0.5,0.45542797446250916
0.76953125,0.80517578125,0.8408203125,0.53564453125,1024.0,32,1024.0,0.3967619240283966,0.5,0.4555182158946991
0.791015625,0.81103515625,0.8310546875,0.52001953125,1024.0,32,1024.0,0.3877304196357727,0.5,0.4473438858985901
0.75390625,0.796875,0.83984375,0.54296875,1024.0,32,1024.0,0.3894542455673218,0.5,0.43944159150123596
0.783203125,0.81005859375,0.8369140625,0.52685546875,1024.0,32,1024.0,0.38373100757598877,0.5,0.4413648843765259
0.798828125,0.8203125,0.841796875,0.521484375,1024.0,32,1024.0,0.36503681540489197,0.5,0.43554675579071045
0.8359375,0.8388671875,0.841796875,0.5029296875,1024.0,33,1024.0,0.36119043827056885,0.5,0.4549400508403778
0.81640625,0.8330078125,0.849609375,0.5166015625,1024.0,33,1024.0,0.3665389120578766,0.5,0.45388317108154297
0.8369140625,0.857421875,0.8779296875,0.5205078125,1024.0,33,1024.0,0.3354904353618622,0.5,0.4369592070579529
0.8544921875,0.85107421875,0.84765625,0.49658203125,1024.0,33,1024.0,0.34191593527793884,0.5,0.4438575208187103
0.8505859375,0.8515625,0.8525390625,0.5009765625,1024.0,33,1024.0,0.341320276260376,0.5,0.438917875289917
0.8583984375,0.8515625,0.8447265625,0.4931640625,1024.0,33,1024.0,0.3411959409713745,0.5,0.43226492404937744
0.8564453125,0.85595703125,0.85546875,0.49951171875,1024.0,33,1024.0,0.3294162154197693,0.5,0.4275961220264435
0.8779296875,0.86279296875,0.84765625,0.48486328125,1024.0,33,1024.0,0.3289044201374054,0.5,0.4205819368362427
0.9404296875,0.90478515625,0.869140625,0.46435546875,1024.0,34,1024.0,0.23703689873218536,0.5,0.3208828568458557
0.9365234375,0.88525390625,0.833984375,0.44873046875,1024.0,34,1024.0,0.2656441926956177,0.5,0.33307963609695435
0.9228515625,0.8984375,0.8740234375,0.4755859375,1024.0,34,1024.0,0.2532404959201813,0.5,0.33347105979919434
0.93359375,0.90283203125,0.8720703125,0.46923828125,1024.0,34,1024.0,0.2577727735042572,0.5,0.3410542905330658
0.943359375,0.90380859375,0.8642578125,0.46044921875,1024.0,34,1024.0,0.2549481987953186,0.5,0.3322453498840332
0.9296875,0.8955078125,0.861328125,0.4658203125,1024.0,34,1024.0,0.24498292803764343,0.5,0.32672563195228577
0.93359375,0.89697265625,0.8603515625,0.46337890625,1024.0,34,1024.0,0.2580025792121887,0.5,0.32729774713516235
0.9443359375,0.9091796875,0.8740234375,0.46484375,1024.0,34,1024.0,0.23214083909988403,0.5,0.31509995460510254
0.658203125,0.76953125,0.880859375,0.611328125,1024.0,35,1024.0,0.4626302421092987,0.5,0.38373976945877075
0.6708984375,0.765625,0.8603515625,0.5947265625,1024.0,35,1024.0,0.46021202206611633,0.5,0.3895447552204132
0.67578125,0.77490234375,0.8740234375,0.59912109375,1024.0,35,1024.0,0.4646412134170532,0.5,0.3789059817790985
0.673828125,0.77001953125,0.8662109375,0.59619140625,1024.0,35,1024.0,0.4586314558982849,0.5,0.39150139689445496
0.732421875,0.8095703125,0.88671875,0.5771484375,1024.0,35,1024.0,0.3975644111633301,0.5,0.3806097209453583
0.732421875,0.8037109375,0.875,0.5712890625,1024.0,35,1024.0,0.3982793688774109,0.5,0.38015711307525635
0.7744140625,0.822265625,0.8701171875,0.5478515625,1024.0,35,1024.0,0.3754575252532959,0.5,0.3874685764312744
0.8232421875,0.8466796875,0.8701171875,0.5234375,1024.0,35,1024.0,0.33568352460861206,0.5,0.37900328636169434
0.5244140625,0.6787109375,0.8330078125,0.654296875,1024.0,36,1024.0,0.6896803379058838,0.5,0.4834282100200653
0.5166015625,0.68896484375,0.861328125,0.67236328125,1024.0,36,1024.0,0.6805956363677979,0.5,0.4761570692062378
0.5439453125,0.69189453125,0.83984375,0.64794921875,1024.0,36,1024.0,0.6259365081787109,0.5,0.49499040842056274
0.59765625,0.7060546875,0.814453125,0.6083984375,1024.0,36,1024.0,0.5813027024269104,0.5,0.5089412331581116
0.640625,0.72021484375,0.7998046875,0.57958984375,1024.0,36,1024.0,0.5467195510864258,0.5,0.5120812654495239
0.70703125,0.73974609375,0.7724609375,0.53271484375,1024.0,36,1024.0,0.5315371751785278,0.5,0.5194292068481445
0.7265625,0.740234375,0.75390625,0.513671875,1024.0,36,1024.0,0.520552396774292,0.5,0.515800952911377
0.763671875,0.74609375,0.728515625,0.482421875,1024.0,36,1024.0,0.515177845954895,0.5,0.5120174884796143
0.70703125,0.7001953125,0.693359375,0.4931640625,1024.0,37,1024.0,0.5523104667663574,0.5,0.5029785633087158
0.7392578125,0.6943359375,0.6494140625,0.455078125,1024.0,37,1024.0,0.5551049709320068,0.5,0.4853459596633911
0.7333984375,0.68310546875,0.6328125,0.44970703125,1024.0,37,1024.0,0.5859602689743042,0.5,0.4943089485168457
0.74609375,0.7060546875,0.666015625,0.4599609375,1024.0,37,1024.0,0.5512121319770813,0.5,0.4907211363315582
0.7744140625,0.697265625,0.6201171875,0.4228515625,1024.0,37,1024.0,0.5727823972702026,0.5,0.4879162311553955
0.78515625,0.73095703125,0.6767578125,0.44580078125,1024.0,37,1024.0,0.5452014207839966,0.5,0.49240756034851074
0.779296875,0.7099609375,0.640625,0.4306640625,1024.0,37,1024.0,0.5498977303504944,0.5,0.49515748023986816
0.8115234375,0.72705078125,0.642578125,0.41552734375,1024.0,37,1024.0,0.5426348447799683,0.5,0.4942814111709595
0.7568359375,0.72265625,0.6884765625,0.4658203125,1024.0,38,1024.0,0.5499738454818726,0.5,0.5260472893714905
0.7978515625,0.73828125,0.6787109375,0.4404296875,1024.0,38,1024.0,0.5225841999053955,0.5,0.5235556364059448
0.794921875,0.751953125,0.708984375,0.45703125,1024.0,38,1024.0,0.5099537372589111,0.5,0.5191985368728638
0.791015625,0.755859375,0.720703125,0.46484375,1024.0,38,1024.0,0.5026477575302124,0.5,0.5248359441757202
0.8203125,0.7646484375,0.708984375,0.4443359375,1024.0,38,1024.0,0.48899081349372864,0.5,0.5256884098052979
0.830078125,0.80029296875,0.7705078125,0.47021484375,1024.0,38,1024.0,0.45558255910873413,0.5,0.5155171751976013
0.79296875,0.78564453125,0.7783203125,0.49267578125,1024.0,38,1024.0,0.4567115306854248,0.5,0.5283476114273071
0.8232421875,0.7861328125,0.7490234375,0.462890625,1024.0,38,1024.0,0.44354677200317383,0.5,0.5202315449714661
0.4853515625,0.6171875,0.7490234375,0.6318359375,1024.0,39,1024.0,0.7113208770751953,0.5,0.5361689329147339
0.5361328125,0.65478515625,0.7734375,0.61865234375,1024.0,39,1024.0,0.6446058750152588,0.5,0.5306814908981323
0.568359375,0.66162109375,0.7548828125,0.59326171875,1024.0,39,1024.0,0.6708312034606934,0.5,0.5244330167770386
0.5732421875,0.65673828125,0.740234375,0.58349609375,1024.0,39,1024.0,0.6662061214447021,0.5,0.5265920162200928
0.6123046875,0.69677734375,0.78125,0.58447265625,1024.0,39,1024.0,0.6326762437820435,0.5,0.5125017166137695
0.623046875,0.69140625,0.759765625,0.568359375,1024.0,39,1024.0,0.6167105436325073,0.5,0.5152451992034912
0.646484375,0.70751953125,0.7685546875,0.56103515625,1024.0,39,1024.0,0.5926151275634766,0.5,0.5045913457870483
0.66015625,0.7109375,0.76171875,0.55078125,1024.0,39,1024.0,0.5823162794113159,0.5,0.5230989456176758
0.7236328125,0.71240234375,0.701171875,0.48876953125,1024.0,40,1024.0,0.5036804676055908,0.5,0.4786275327205658
0.798828125,0.75439453125,0.7099609375,0.45556640625,1024.0,40,1024.0,0.4747515916824341,0.5,0.46995478868484497
0.8046875,0.75048828125,0.6962890625,0.44580078125,1024.0,40,1024.0,0.47185468673706055,0.5,0.4749842584133148
0.8095703125,0.7529296875,0.6962890625,0.443359375,1024.0,40,1024.0,0.45459407567977905,0.5,0.4662291705608368
0.822265625,0.759765625,0.697265625,0.4375,1024.0,40,1024.0,0.4536515474319458,0.5,0.46899765729904175
0.8427734375,0.76708984375,0.69140625,0.42431640625,1024.0,40,1024.0,0.44027721881866455,0.5,0.4633115530014038
0.865234375,0.771484375,0.677734375,0.40625,1024.0,40,1024.0,0.4330511689186096,0.5,0.45798277854919434
0.8525390625,0.7705078125,0.6884765625,0.41796875,1024.0,40,1024.0,0.43798577785491943,0.5,0.4516981244087219
0.9404296875,0.8349609375,0.7294921875,0.39453125,1024.0,41,1024.0,0.3684040904045105,0.5,0.42451202869415283
0.97265625,0.83837890625,0.7041015625,0.36572265625,1024.0,41,1024.0,0.3600298762321472,0.5,0.41788384318351746
0.9521484375,0.84423828125,0.736328125,0.39208984375,1024.0,41,1024.0,0.3427960276603699,0.5,0.4079245924949646
0.9775390625,0.86474609375,0.751953125,0.38720703125,1024.0,41,1024.0,0.33262962102890015,0.5,0.4077027440071106
0.982421875,0.86962890625,0.7568359375,0.38720703125,1024.0,41,1024.0,0.31939375400543213,0.5,0.39420703053474426
0.978515625,0.85546875,0.732421875,0.376953125,1024.0,41,1024.0,0.3240734338760376,0.5,0.3913940191268921
0.9775390625,0.87353515625,0.76953125,0.39599609375,1024.0,41,1024.0,0.3080129027366638,0.5,0.38216572999954224
0.97265625,0.873046875,0.7734375,0.400390625,1024.0,41,1024.0,0.29364925622940063,0.5,0.36713606119155884
0.8154296875,0.80078125,0.7861328125,0.4853515625,1024.0,42,1024.0,0.46387380361557007,0.5,0.523816704750061
0.837890625,0.818359375,0.798828125,0.48046875,1024.0,42,1024.0,0.42864781618118286,0.5,0.5076592564582825
0.8349609375,0.8115234375,0.7880859375,0.4765625,1024.0,42,1024.0,0.44697698950767517,0.5,0.5114713907241821
0.8779296875,0.8466796875,0.8154296875,0.46875,1024.0,42,1024.0,0.40977177023887634,0.5,0.498435378074646
0.8916015625,0.85205078125,0.8125,0.46044921875,1024.0,42,1024.0,0.38720089197158813,0.5,0.489013671875
0.9375,0.8662109375,0.794921875,0.4287109375,1024.0,42,1024.0,0.35534238815307617,0.5,0.4782623052597046
0.9267578125,0.86083984375,0.794921875,0.43408203125,1024.0,42,1024.0,0.36124032735824585,0.5,0.47339296340942383
0.9716796875,0.888671875,0.8056640625,0.4169921875,1024.0,42,1024.0,0.3266020119190216,0.5,0.4561478793621063
0.759765625,0.78759765625,0.8154296875,0.52783203125,1024.0,43,1024.0,0.43159791827201843,0.5,0.43112075328826904
0.7783203125,0.794921875,0.8115234375,0.5166015625,1024.0,43,1024.0,0.41315698623657227,0.5,0.4280156195163727
0.7744140625,0.79296875,0.8115234375,0.5185546875,1024.0,43,1024.0,0.422965407371521,0.5,0.4177227318286896
0.7724609375,0.7900390625,0.8076171875,0.517578125,1024.0,43,1024.0,0.42222651839256287,0.5,0.42727524042129517
0.79296875,0.802734375,0.8125,0.509765625,1024.0,43,1024.0,0.41442930698394775,0.5,0.4176165759563446
0.787109375,0.806640625,0.826171875,0.51953125,1024.0,43,1024.0,0.40491896867752075,0.5,0.42458659410476685
0.798828125,0.81494140625,0.8310546875,0.51611328125,1024.0,43,1024.0,0.3982760012149811,0.5,0.41291528940200806
0.8173828125,0.81494140625,0.8125,0.49755859375,1024.0,43,1024.0,0.3967685103416443,0.5,0.41513773798942566
0.9306640625,0.861328125,0.7919921875,0.4306640625,1024.0,44,1024.0,0.3142719566822052,0.5,0.38280144333839417
0.9248046875,0.8740234375,0.8232421875,0.44921875,1024.0,44,1024.0,0.2882906198501587,0.5,0.37720322608947754
0.939453125,0.873046875,0.806640625,0.43359375,1024.0,44,1024.0,0.30544722080230713,0.5,0.3781206011772156
0.94140625,0.865234375,0.7890625,0.423828125,1024.0,44,1024.0,0.309364914894104,0.5,0.3752236068248749
0.947265625,0.86962890625,0.7919921875,0.42236328125,1024.0,44,1024.0,0.3038089871406555,0.5,0.37597495317459106
0.9423828125,0.8623046875,0.7822265625,0.419921875,1024.0,44,1024.0,0.3123486042022705,0.5,0.3781048059463501
0.9443359375,0.8798828125,0.8154296875,0.435546875,1024.0,44,1024.0,0.2876448631286621,0.5,0.37177467346191406
0.9541015625,0.88720703125,0.8203125,0.43310546875,1024.0,44,1024.0,0.2819969952106476,0.5,0.36684662103652954
0.4912109375,0.650390625,0.8095703125,0.6591796875,1024.0,45,1024.0,0.6479372978210449,0.5,0.43691831827163696
0.458984375,0.6474609375,0.8359375,0.6884765625,1024.0,45,1024.0,0.639708399772644,0.5,0.4431517720222473
0.4404296875,0.630859375,0.8212890625,0.6904296875,1024.0,45,1024.0,0.6421324014663696,0.5,0.44370734691619873
0.4833984375,0.64794921875,0.8125,0.66455078125,1024.0,45,1024.0,0.603080153465271,0.5,0.4493129849433899
0.4736328125,0.6484375,0.8232421875,0.6748046875,1024.0,45,1024.0,0.6007236838340759,0.5,0.45742636919021606
0.5087890625,0.65966796875,0.810546875,0.65087890625,1024.0,45,1024.0,0.5689970254898071,0.5,0.4593503773212433
0.5517578125,0.6748046875,0.7978515625,0.623046875,1024.0,45,1024.0,0.5467759370803833,0.5,0.4664291739463806
0.55859375,0.6845703125,0.810546875,0.6259765625,1024.0,45,1024.0,0.5233370065689087,0.5,0.4797676205635071
0.369140625,0.587890625,0.806640625,0.71875,1024.0,46,1024.0,0.8063194751739502,0.5,0.4832703471183777
0.3740234375,0.58056640625,0.787109375,0.70654296875,1024.0,46,1024.0,0.7910676002502441,0.5,0.4997367560863495
0.40625,0.5859375,0.765625,0.6796875,1024.0,46,1024.0,0.7747767567634583,0.5,0.505826473236084
0.4453125,0.615234375,0.78515625,0.669921875,1024.0,46,1024.0,0.7303430438041687,0.5,0.5154169797897339
0.4775390625,0.6181640625,0.7587890625,0.640625,1024.0,46,1024.0,0.7171487808227539,0.5,0.5222241282463074
0.48046875,0.6201171875,0.759765625,0.6396484375,1024.0,46,1024.0,0.6876809597015381,0.5,0.5353790521621704
0.53125,0.63623046875,0.7412109375,0.60498046875,1024.0,46,1024.0,0.6551879048347473,0.5,0.5432311296463013
0.568359375,0.64013671875,0.7119140625,0.57177734375,1024.0,46,1024.0,0.6530551314353943,0.5,0.5506815910339355
0.900390625,0.798828125,0.697265625,0.3984375,1024.0,47,1024.0,0.4721483588218689,0.5,0.5352811813354492
0.912109375,0.79736328125,0.6826171875,0.38525390625,1024.0,47,1024.0,0.4894174337387085,0.5,0.53531414270401
0.896484375,0.79150390625,0.6865234375,0.39501953125,1024.0,47,1024.0,0.48249486088752747,0.5,0.5379785299301147
0.927734375,0.79443359375,0.6611328125,0.36669921875,1024.0,47,1024.0,0.4810623526573181,0.5,0.5310367345809937
0.9345703125,0.79931640625,0.6640625,0.36474609375,1024.0,47,1024.0,0.48464304208755493,0.5,0.5276506543159485
0.9443359375,0.80712890625,0.669921875,0.36279296875,1024.0,47,1024.0,0.46426188945770264,0.5,0.5271030068397522
0.9521484375,0.8291015625,0.7060546875,0.376953125,1024.0,47,1024.0,0.4498652517795563,0.5,0.5279884934425354
0.9443359375,0.83447265625,0.724609375,0.39013671875,1024.0,47,1024.0,0.42829275131225586,0.5,0.525598406791687
0.80859375,0.7587890625,0.708984375,0.4501953125,1024.0,48,1024.0,0.49114125967025757,0.5,0.5382447242736816
0.8125,0.76123046875,0.7099609375,0.44873046875,1024.0,48,1024.0,0.48665016889572144,0.5,0.5337964296340942
0.841796875,0.7783203125,0.71484375,0.4365234375,1024.0,48,1024.0,0.473630428314209,0.5,0.5334267020225525
0.8369140625,0.7763671875,0.7158203125,0.439453125,1024.0,48,1024.0,0.4747626781463623,0.5,0.5353364944458008
0.81640625,0.7783203125,0.740234375,0.4619140625,1024.0,48,1024.0,0.46056339144706726,0.5,0.5245071649551392
0.8330078125,0.7939453125,0.7548828125,0.4609375,1024.0,48,1024.0,0.44870612025260925,0.5,0.5252023935317993
0.8505859375,0.80517578125,0.759765625,0.45458984375,1024.0,48,1024.0,0.43495267629623413,0.5,0.5228087902069092
0.83984375,0.80419921875,0.7685546875,0.46435546875,1024.0,48,1024.0,0.4379509687423706,0.5,0.5200870633125305
0.5390625,0.64111328125,0.7431640625,0.60205078125,1024.0,49,1024.0,0.605565071105957,0.5,0.5215187072753906
0.548828125,0.65478515625,0.7607421875,0.60595703125,1024.0,49,1024.0,0.5828553438186646,0.5,0.5274301767349243
0.5771484375,0.658203125,0.7392578125,0.5810546875,1024.0,49,1024.0,0.5934751033782959,0.5,0.5214859843254089
0.6025390625,0.6826171875,0.7626953125,0.580078125,1024.0,49,1024.0,0.5420581102371216,0.5,0.5180609822273254
0.638671875,0.69482421875,0.7509765625,0.55615234375,1024.0,49,1024.0,0.5426467657089233,0.5,0.5277261734008789
0.6845703125,0.7236328125,0.7626953125,0.5390625,1024.0,49,1024.0,0.5071679353713989,0.5,0.5274593830108643
0.763671875,0.7548828125,0.74609375,0.4912109375,1024.0,49,1024.0,0.47710341215133667,0.5,0.5218825936317444
0.81640625,0.76513671875,0.7138671875,0.44873046875,1024.0,49,1024.0,0.466000497341156,0.5,0.522691011428833
0.8359375,0.76806640625,0.7001953125,0.43212890625,1024.0,50,1024.0,0.4579316973686218,0.5,0.5206158757209778
0.8486328125,0.78125,0.7138671875,0.4326171875,1024.0,50,1024.0,0.452365517616272,0.5,0.5230944156646729
0.8681640625,0.78955078125,0.7109375,0.42138671875,1024.0,50,1024.0,0.44268983602523804,0.5,0.5067813396453857
0.8857421875,0.80029296875,0.71484375,0.41455078125,1024.0,50,1024.0,0.43029335141181946,0.5,0.5089952945709229
0.9228515625,0.81787109375,0.712890625,0.39501953125,1024.0,50,1024.0,0.4279418885707855,0.5,0.49707236886024475
0.92578125,0.81103515625,0.6962890625,0.38525390625,1024.0,50,1024.0,0.4265969693660736,0.5,0.502522349357605
0.9482421875,0.8271484375,0.7060546875,0.37890625,1024.0,50,1024.0,0.4085603952407837,0.5,0.49164873361587524
0.9443359375,0.8212890625,0.6982421875,0.376953125,1024.0,50,1024.0,0.4128209948539734,0.5,0.47822052240371704
0.9091796875,0.8134765625,0.7177734375,0.404296875,1024.0,51,1024.0,0.3978295922279358,0.5,0.45915117859840393
0.8994140625,0.8193359375,0.7392578125,0.419921875,1024.0,51,1024.0,0.39948970079421997,0.5,0.45905429124832153
0.8779296875,0.7978515625,0.7177734375,0.419921875,1024.0,51,1024.0,0.41899141669273376,0.5,0.46069714426994324
0.8828125,0.81201171875,0.7412109375,0.42919921875,1024.0,51,1024.0,0.41144487261772156,0.5,0.45610398054122925
0.8876953125,0.826171875,0.7646484375,0.4384765625,1024.0,51,1024.0,0.4013296365737915,0.5,0.45190200209617615
0.8681640625,0.82373046875,0.779296875,0.45556640625,1024.0,51,1024.0,0.3825616240501404,0.5,0.44917726516723633
0.87109375,0.8369140625,0.802734375,0.4658203125,1024.0,51,1024.0,0.37240904569625854,0.5,0.4410555958747864
0.8916015625,0.84423828125,0.796875,0.45263671875,1024.0,51,1024.0,0.3494020104408264,0.5,0.42994990944862366
0.78515625,0.79150390625,0.7978515625,0.50634765625,1024.0,52,1024.0,0.45956844091415405,0.5,0.5214540958404541
0.79296875,0.79443359375,0.7958984375,0.50146484375,1024.0,52,1024.0,0.46126240491867065,0.5,0.518271803855896
0.798828125,0.8017578125,0.8046875,0.5029296875,1024.0,52,1024.0,0.44710126519203186,0.5,0.5172803997993469
0.828125,0.82421875,0.8203125,0.49609375,1024.0,52,1024.0,0.43514418601989746,0.5,0.5145775079727173
0.80859375,0.82421875,0.83984375,0.515625,1024.0,52,1024.0,0.42664170265197754,0.5,0.5116636753082275
0.80859375,0.81982421875,0.8310546875,0.51123046875,1024.0,52,1024.0,0.42528095841407776,0.5,0.5165866613388062
0.802734375,0.81298828125,0.8232421875,0.51025390625,1024.0,52,1024.0,0.41834014654159546,0.5,0.5062476992607117
0.802734375,0.8125,0.822265625,0.509765625,1024.0,52,1024.0,0.4116183817386627,0.5,0.5031921863555908
0.8154296875,0.818359375,0.8212890625,0.5029296875,1024.0,53,1024.0,0.40874844789505005,0.5,0.4863632917404175
0.8349609375,0.82275390625,0.810546875,0.48779296875,1024.0,53,1024.0,0.40766432881355286,0.5,0.4859011471271515
0.84765625,0.8359375,0.82421875,0.48828125,1024.0,53,1024.0,0.3994848430156708,0.5,0.4873359799385071
0.853515625,0.83447265625,0.8154296875,0.48095703125,1024.0,53,1024.0,0.39333194494247437,0.5,0.4747162461280823
0.8896484375,0.84228515625,0.794921875,0.45263671875,1024.0,53,1024.0,0.3967645764350891,0.5,0.4764951169490814
0.888671875,0.8359375,0.783203125,0.447265625,1024.0,53,1024.0,0.4041895270347595,0.5,0.48257875442504883
0.9072265625,0.8505859375,0.7939453125,0.443359375,1024.0,53,1024.0,0.3785499632358551,0.5,0.47037971019744873
0.9072265625,0.8466796875,0.7861328125,0.439453125,1024.0,53,1024.0,0.39271560311317444,0.5,0.4772707521915436
0.5166015625,0.6455078125,0.7744140625,0.62890625,1024.0,54,1024.0,0.7193621397018433,0.5,0.4976468086242676
0.57421875,0.6728515625,0.771484375,0.5986328125,1024.0,54,1024.0,0.6560968160629272,0.5,0.5041289925575256
0.6298828125,0.69970703125,0.76953125,0.56982421875,1024.0,54,1024.0,0.6235682964324951,0.5,0.5064738988876343
0.7216796875,0.73486328125,0.748046875,0.51318359375,1024.0,54,1024.0,0.5505423545837402,0.5,0.49578338861465454
0.75390625,0.74072265625,0.7275390625,0.48681640625,1024.0,54,1024.0,0.5301276445388794,0.5,0.4811617136001587
0.7470703125,0.7314453125,0.7158203125,0.484375,1024.0,54,1024.0,0.5232283473014832,0.5,0.4781232476234436
0.80859375,0.76708984375,0.7255859375,0.45849609375,1024.0,54,1024.0,0.468277245759964,0.5,0.4616726040840149
0.7958984375,0.75927734375,0.72265625,0.46337890625,1024.0,54,1024.0,0.47730010747909546,0.5,0.4648909866809845
0.4697265625,0.5888671875,0.7080078125,0.619140625,1024.0,55,1024.0,0.7863345742225647,0.5,0.48589789867401123
0.5244140625,0.61181640625,0.69921875,0.58740234375,1024.0,55,1024.0,0.7242383360862732,0.5,0.5046902894973755
0.623046875,0.64404296875,0.6650390625,0.52099609375,1024.0,55,1024.0,0.6388491988182068,0.5,0.5217649936676025
0.703125,0.6708984375,0.638671875,0.4677734375,1024.0,55,1024.0,0.6121803522109985,0.5,0.5203076601028442
0.74609375,0.69384765625,0.6416015625,0.44775390625,1024.0,55,1024.0,0.577293872833252,0.5,0.5176563858985901
0.814453125,0.7060546875,0.59765625,0.3916015625,1024.0,55,1024.0,0.559791624546051,0.5,0.4958345890045166
0.826171875,0.6953125,0.564453125,0.369140625,1024.0,55,1024.0,0.574242353439331,0.5,0.49147140979766846
0.828125,0.693359375,0.55859375,0.365234375,1024.0,55,1024.0,0.5625494718551636,0.5,0.4779013395309448
0.802734375,0.666015625,0.529296875,0.36328125,1024.0,56,1024.0,0.610429048538208,0.5,0.5027494430541992
0.7890625,0.65771484375,0.5263671875,0.36865234375,1024.0,56,1024.0,0.621911346912384,0.5,0.4988330602645874
0.8154296875,0.67724609375,0.5390625,0.36181640625,1024.0,56,1024.0,0.6155261397361755,0.5,0.49753692746162415
0.806640625,0.69580078125,0.5849609375,0.38916015625,1024.0,56,1024.0,0.5733712911605835,0.5,0.4995555281639099
0.8095703125,0.69287109375,0.576171875,0.38330078125,1024.0,56,1024.0,0.5699422955513,0.5,0.4972844123840332
0.826171875,0.70849609375,0.5908203125,0.38232421875,1024.0,56,1024.0,0.5674440264701843,0.5,0.4923502802848816
0.8173828125,0.71630859375,0.615234375,0.39892578125,1024.0,56,1024.0,0.5519089698791504,0.5,0.5018023252487183
0.826171875,0.73486328125,0.6435546875,0.40869140625,1024.0,56,1024.0,0.5323746204376221,0.5,0.4911617338657379
0.6962890625,0.67138671875,0.646484375,0.47509765625,1024.0,57,1024.0,0.5965577960014343,0.5,0.5455353260040283
0.7119140625,0.6865234375,0.6611328125,0.474609375,1024.0,57,1024.0,0.5749597549438477,0.5,0.5392482876777649
0.673828125,0.6845703125,0.6953125,0.5107421875,1024.0,57,1024.0,0.5477383136749268,0.5,0.543221116065979
0.6943359375,0.71240234375,0.73046875,0.51806640625,1024.0,57,1024.0,0.540267825126648,0.5,0.542493462562561
0.6748046875,0.705078125,0.7353515625,0.5302734375,1024.0,57,1024.0,0.5299223065376282,0.5,0.538530170917511
0.697265625,0.73095703125,0.7646484375,0.53369140625,1024.0,57,1024.0,0.5135990381240845,0.5,0.5441209673881531
0.71484375,0.7333984375,0.751953125,0.5185546875,1024.0,57,1024.0,0.5132338404655457,0.5,0.542012631893158
0.6435546875,0.70361328125,0.763671875,0.56005859375,1024.0,57,1024.0,0.520598828792572,0.5,0.545035719871521
0.546875,0.66943359375,0.7919921875,0.62255859375,1024.0,58,1024.0,0.5647227764129639,0.5,0.5742112398147583
0.5849609375,0.68701171875,0.7890625,0.60205078125,1024.0,58,1024.0,0.5578984618186951,0.5,0.5703125
0.5966796875,0.68994140625,0.783203125,0.59326171875,1024.0,58,1024.0,0.544840931892395,0.5,0.5649026036262512
0.59765625,0.693359375,0.7890625,0.595703125,1024.0,58,1024.0,0.5488688349723816,0.5,0.5678743124008179
0.638671875,0.7119140625,0.78515625,0.5732421875,1024.0,58,1024.0,0.5399876832962036,0.5,0.5628077983856201
0.6884765625,0.74658203125,0.8046875,0.55810546875,1024.0,58,1024.0,0.4962303638458252,0.5,0.5553073287010193
0.703125,0.74267578125,0.7822265625,0.53955078125,1024.0,58,1024.0,0.513354480266571,0.5,0.5539236664772034
0.7548828125,0.76904296875,0.783203125,0.51416015625,1024.0,58,1024.0,0.4933341443538666,0.5,0.5427742004394531
0.517578125,0.642578125,0.767578125,0.625,1024.0,59,1024.0,0.6208529472351074,0.5,0.5503139495849609
0.5478515625,0.66357421875,0.779296875,0.61572265625,1024.0,59,1024.0,0.593872606754303,0.5,0.5374761819839478
0.5947265625,0.6728515625,0.7509765625,0.578125,1024.0,59,1024.0,0.6009501218795776,0.5,0.529906153678894
0.6767578125,0.7216796875,0.7666015625,0.544921875,1024.0,59,1024.0,0.5514792203903198,0.5,0.5313270092010498
0.689453125,0.708984375,0.728515625,0.51953125,1024.0,59,1024.0,0.5567710399627686,0.5,0.5277459621429443
0.765625,0.74609375,0.7265625,0.48046875,1024.0,59,1024.0,0.5247311592102051,0.5,0.5194939374923706
0.8154296875,0.75341796875,0.69140625,0.43798828125,1024.0,59,1024.0,0.4974731504917145,0.5,0.5094445943832397
0.8408203125,0.76611328125,0.69140625,0.42529296875,1024.0,59,1024.0,0.4887358248233795,0.5,0.5031745433807373
0.8955078125,0.7919921875,0.6884765625,0.396484375,1024.0,60,1024.0,0.4733463525772095,0.5,0.5143815279006958
0.9033203125,0.79296875,0.6826171875,0.3896484375,1024.0,60,1024.0,0.45991039276123047,0.5,0.5023573040962219
0.9462890625,0.81005859375,0.673828125,0.36376953125,1024.0,60,1024.0,0.4593855142593384,0.5,0.5003599524497986
0.927734375,0.79541015625,0.6630859375,0.36767578125,1024.0,60,1024.0,0.48064661026000977,0.5,0.49794769287109375
0.9365234375,0.779296875,0.6220703125,0.3427734375,1024.0,60,1024.0,0.47015753388404846,0.5,0.49414122104644775
0.955078125,0.81201171875,0.6689453125,0.35693359375,1024.0,60,1024.0,0.4488579034805298,0.5,0.4886472821235657
0.951171875,0.8115234375,0.671875,0.3603515625,1024.0,60,1024.0,0.45672672986984253,0.5,0.49338996410369873
0.958984375,0.81591796875,0.6728515625,0.35693359375,1024.0,60,1024.0,0.43416959047317505,0.5,0.48475706577301025
0.947265625,0.810546875,0.673828125,0.36328125,1024.0,61,1024.0,0.4178329110145569,0.5,0.43627622723579407
0.95703125,0.82470703125,0.6923828125,0.36767578125,1024.0,61,1024.0,0.38808146119117737,0.5,0.44035133719444275
0.935546875,0.81787109375,0.7001953125,0.38232421875,1024.0,61,1024.0,0.3934342861175537,0.5,0.4384097754955292
0.9375,0.8251953125,0.712890625,0.3876953125,1024.0,61,1024.0,0.37837129831314087,0.5,0.4338042140007019
0.931640625,0.8291015625,0.7265625,0.3974609375,1024.0,61,1024.0,0.3731560707092285,0.5,0.44014427065849304
0.9365234375,0.83642578125,0.736328125,0.39990234375,1024.0,61,1024.0,0.3624303340911865,0.5,0.4267272651195526
0.9462890625,0.8564453125,0.7666015625,0.41015625,1024.0,61,1024.0,0.34979870915412903,0.5,0.42650532722473145
0.9462890625,0.86572265625,0.78515625,0.41943359375,1024.0,61,1024.0,0.3297394812107086,0.5,0.4148884415626526
